seed,transfer_kind,result_family,schema_version,evaluation_unit,train_fraction,candidate_scope_mode,generated_candidate_count,candidate_identity_hash,pseudo_label_hash,frozen_hash,high_yield_threshold,hidden_outer_train_row_count,hidden_outer_train_identity_count,unique_canonical_candidate_count,hidden_overlap_count,hidden_overlap_fraction_of_candidates,hidden_cell_coverage_fraction,pseudo_label_mae,pseudo_label_rmse,pseudo_label_spearman,pseudo_label_bias,high_yield_prevalence,high_yield_precision,high_yield_recall,high_yield_enrichment,top_10pct_enrichment,top_10pct_mean_true_yield,top_20pct_enrichment,top_20pct_mean_true_yield,support_distance_metric,nearest_labeled_training_distance_mean,nearest_labeled_training_distance_median,nearest_labeled_training_similarity_mean,nearest_labeled_training_similarity_median
6,anonymous,withheld_cell_transfer_oracle,bh-withheld-cell-oracle-v1,canonical-random:seed=6:fraction=0.01,0.01,observed_only_low_data,22,2415200ed7c955b01485fc22d8c86872d03c64163ad52419399840b7f80c379f,f3e070ca9040978b2433a91512438f353007a61c6d8e424da593f2d0e5549451,9a59e78a780591b7a014177a282d453f67f2e787b3c4c4d50b178d514d9ec851,80.0,3132,3132,22,22,1.0,0.0070242656449553,17.563593396014014,21.689669921126264,0.5471485036702428,8.961924873086451,0.045454545454545456,0.0,0.0,0.0,7.333333333333333,70.52264542333333,4.4,53.515516872,cosine_distance,0.09130885830387117,0.09403398296669341,0.9086911416961289,0.9059660170333066
6,typed,withheld_cell_transfer_oracle,bh-withheld-cell-oracle-v1,canonical-random:seed=6:fraction=0.01,0.01,observed_only_low_data,16,551955145c7f52e978d7f6edb02117731f61a24b76ff3fdae1f5dda894642976,63b5cf5b45f0d7c3ca1860a81c7e57fb6da027d567fec60fa21d82c727dbd605,f374cfa9fd53eb4b3982aaf4deda680fe68b352882f7656b37d1ce515a58b852,80.0,3132,3132,16,16,1.0,0.005108556832694764,18.640306164820824,23.58997781228551,0.5,10.112842472472538,0.0625,0.0,0.0,0.0,8.0,69.24307814,4.0,57.136580585,euclidean_distance,5.213920682668686,5.2438273429870605,,
6,anonymous,withheld_cell_transfer_oracle,bh-withheld-cell-oracle-v1,canonical-random:seed=6:fraction=0.01,0.01,globally_unmeasured_prospective,0,2b6fa8b54aaba26e8c2051443fb874473459935b48a69604c4c721c51367c265,549d76bc88eada4c89fcbb23a51bfcb4f7524f2eac1be5bd0ea2c7470bd5130f,47287ac97f42c6ba2cfa82fb0f174bc56f52a325c582f763634795316324e3ca,80.0,3132,3132,0,0,,0.0,,,,,,,,,,,,,,,,,
6,typed,withheld_cell_transfer_oracle,bh-withheld-cell-oracle-v1,canonical-random:seed=6:fraction=0.01,0.01,globally_unmeasured_prospective,0,2b6fa8b54aaba26e8c2051443fb874473459935b48a69604c4c721c51367c265,549d76bc88eada4c89fcbb23a51bfcb4f7524f2eac1be5bd0ea2c7470bd5130f,47287ac97f42c6ba2cfa82fb0f174bc56f52a325c582f763634795316324e3ca,80.0,3132,3132,0,0,,0.0,,,,,,,,,,,,,,,,,
6,anonymous,withheld_cell_transfer_oracle,bh-withheld-cell-oracle-v1,canonical-random:seed=6:fraction=0.1,0.1,observed_only_low_data,212,c44531ade2e2327b8443c738733562817c7236ff745b02296236c23e2ce4bac3,b728dec39f706341624b2ec56dc0362073e0ce9751c83db635c0563253cb8c99,b390247573c07e89a3842daf11d358011d42d752e2f2eba0a1c5eb4201574df6,80.0,2847,2847,212,209,0.9858490566037735,0.073410607657183,10.45609088639294,15.303172265525037,0.783304808833574,-1.4645678874241743,0.019138755980861243,,0.0,,2.488095238095238,64.05420091238095,3.732142857142857,59.119622787619036,cosine_distance,0.06866953098623135,0.07072963970931956,0.9313304690137685,0.9292703602906804
6,typed,withheld_cell_transfer_oracle,bh-withheld-cell-oracle-v1,canonical-random:seed=6:fraction=0.1,0.1,observed_only_low_data,216,38f81c270954303f8cc7a5d512b239571be5767ba013ea051c40d208ad4203d6,0c47cb33834b0732e0121aa6afebb4af875534e9c75d2f3d67e8d8fb7dddc3fd,89974d1b233c4636fce563ac84f24cdb0165007c733b1e9820e162fd3c72eaff,80.0,2847,2847,216,214,0.9907407407407407,0.07516684229012996,10.859006621971917,16.085434446816492,0.7790166942608338,-1.1356105913378212,0.028037383177570093,0.25,0.16666666666666666,8.916666666666666,3.2424242424242427,63.94283480727274,3.317829457364341,60.15292493162791,euclidean_distance,4.64722988761474,4.795831680297852,,
6,anonymous,withheld_cell_transfer_oracle,bh-withheld-cell-oracle-v1,canonical-random:seed=6:fraction=0.1,0.1,globally_unmeasured_prospective,3,cb75095d16ed4f488def121063b47a0da1a8aa05507ef743981daa06a416ef87,95d5ab80b2b0dfe08d76aeb08bc82272bbbf3f64c96e7c2a2eb8a07332885ab9,cffedcecdd1e92a02632c8b1e1d1cac327a4a388834466f0557f2b6b44779ead,80.0,2847,2847,3,0,0.0,0.0,,,,,,,,,,,,,,,,,
6,typed,withheld_cell_transfer_oracle,bh-withheld-cell-oracle-v1,canonical-random:seed=6:fraction=0.1,0.1,globally_unmeasured_prospective,2,12918d5079586b583f7d7a01227bbfb39f33890b2ab42cf8c5de291550ed1fac,feeef72045a83c251062ce659b2105c8a4593590b23732b269cf8e3f96b9d96d,2370fa05d8902fff6c7f11627774b4e4d12e658814a58b374b8953057d0098cd,80.0,2847,2847,2,0,0.0,0.0,,,,,,,,,,,,,,,,,
7,anonymous,withheld_cell_transfer_oracle,bh-withheld-cell-oracle-v1,canonical-random:seed=7:fraction=0.01,0.01,observed_only_low_data,24,bf982f906210fcb7ef664a522da81e26bd5ee4358cd6c132bd4efff392431452,1c5d040a89e01d68fa084d6ecb96c5d3a2df26250a33f0131845b2f6da935772,116de0f1c2bf789558d76a87955889827af046d86e7e0356cea172a93e587919,80.0,3132,3132,24,24,1.0,0.007662835249042145,15.035180662502633,18.379903024622774,0.5539130434782608,3.75623970328011,0.0,,,,,60.885541636666666,,48.998734874,cosine_distance,0.10094115725283553,0.09065875045640437,0.8990588427471645,0.9093412495435956
7,typed,withheld_cell_transfer_oracle,bh-withheld-cell-oracle-v1,canonical-random:seed=7:fraction=0.01,0.01,observed_only_low_data,16,e2450b879640dd1f82c2cded44bec0c24359ed9a5caa89dc6b4851ea77f62333,b636a8248843d0246b0b575dae0f47f0a2208ae4deab76de43bfeb17cba92ef4,b40554ebd43ab3f3bc183598659abfb9d7b212eed8b5d4ca2eada9201cc1052b,80.0,3132,3132,16,16,1.0,0.005108556832694764,13.472947923977951,17.33668050535793,0.6558823529411765,3.395039956960014,0.0,,,,,46.20368434,,47.66656936500001,euclidean_distance,5.332851439714432,5.385164737701416,,
7,anonymous,withheld_cell_transfer_oracle,bh-withheld-cell-oracle-v1,canonical-random:seed=7:fraction=0.01,0.01,globally_unmeasured_prospective,0,2b6fa8b54aaba26e8c2051443fb874473459935b48a69604c4c721c51367c265,549d76bc88eada4c89fcbb23a51bfcb4f7524f2eac1be5bd0ea2c7470bd5130f,d564abfb40a3f7d092d91a319c1ea6200215a25d4293b1bd5e25f07f8b79ad8e,80.0,3132,3132,0,0,,0.0,,,,,,,,,,,,,,,,,
7,typed,withheld_cell_transfer_oracle,bh-withheld-cell-oracle-v1,canonical-random:seed=7:fraction=0.01,0.01,globally_unmeasured_prospective,0,2b6fa8b54aaba26e8c2051443fb874473459935b48a69604c4c721c51367c265,549d76bc88eada4c89fcbb23a51bfcb4f7524f2eac1be5bd0ea2c7470bd5130f,d564abfb40a3f7d092d91a319c1ea6200215a25d4293b1bd5e25f07f8b79ad8e,80.0,3132,3132,0,0,,0.0,,,,,,,,,,,,,,,,,
7,anonymous,withheld_cell_transfer_oracle,bh-withheld-cell-oracle-v1,canonical-random:seed=7:fraction=0.1,0.1,observed_only_low_data,201,1223714223873c01ddafabcc931c45c8a9780925d8c5f0aae35435dde5b446d1,2a81db4ef067cb41c5d1631833cc2304496f50b29ee3c7cf056d977177e6d78a,ab5ed44fbe3da4f3f7b0fa4ac791d27b85983492d9892408dbe04488ae7b0c8d,80.0,2847,2847,201,201,1.0,0.07060063224446786,10.404381471684884,15.228558859907523,0.8388775750135643,-3.717797331819356,0.04477611940298507,,0.0,,4.253968253968254,69.70688834,3.268292682926829,64.5171748552439,cosine_distance,0.06942009996918429,0.07135025392929062,0.9305799000308158,0.9286497460707094
7,typed,withheld_cell_transfer_oracle,bh-withheld-cell-oracle-v1,canonical-random:seed=7:fraction=0.1,0.1,observed_only_low_data,201,1bc2fb750395aca6102e91f9fba493991e02b0ed725b71e6a63ce86d2611e53e,2fa653018f2bf26187f87b7116d50469fe8f204445a57c7581e6d233912d0b26,6830bf9bf24b591d655c17fd0ff4f0d82afda0ea33f842baeaa07090c2ccea2f,80.0,2847,2847,201,200,0.9950248756218906,0.07024938531787847,10.584334160098331,15.160209633743078,0.8435825516328014,-4.136836850111142,0.05,,0.0,,5.0,70.84662986499998,2.9999999999999996,64.6578319415,euclidean_distance,4.652224936485291,4.63649582862854,,
7,anonymous,withheld_cell_transfer_oracle,bh-withheld-cell-oracle-v1,canonical-random:seed=7:fraction=0.1,0.1,globally_unmeasured_prospective,0,2b6fa8b54aaba26e8c2051443fb874473459935b48a69604c4c721c51367c265,549d76bc88eada4c89fcbb23a51bfcb4f7524f2eac1be5bd0ea2c7470bd5130f,d34eaa832696537b8bcd167f4567834fbb685164de796d2177983c1c4f1cecf5,80.0,2847,2847,0,0,,0.0,,,,,,,,,,,,,,,,,
7,typed,withheld_cell_transfer_oracle,bh-withheld-cell-oracle-v1,canonical-random:seed=7:fraction=0.1,0.1,globally_unmeasured_prospective,1,d5df96c943224d9ba68ffa2157c952440722c3991fd4b734f49fce77a2cde28b,9895af473450908ca7bb3c82c22c3e960f1f2a86c7e39054d8305da3e5c56d22,1e9de889a47bfd945e0de218bc0750e8b6e9bc3bf53bf2aeca01f96ad3f56885,80.0,2847,2847,1,0,0.0,0.0,,,,,,,,,,,,,,,,,
8,anonymous,withheld_cell_transfer_oracle,bh-withheld-cell-oracle-v1,canonical-random:seed=8:fraction=0.01,0.01,observed_only_low_data,27,6b4d1e2b42115702f613786246abc13852f21ffd49791aa08470783b85db9ce1,c96c7a1ee875eceeca65ba557f217567a4a934c1f5841943fab7765c1454ea16,f5405474c7fe5b93b36b3ab04f26f7c753ee6f5bc3b78ccdde6808c3bf4b9c53,80.0,3132,3132,27,27,1.0,0.008620689655172414,10.24083061075667,13.837198615570545,0.8277338135738362,-2.285849241830896,0.0,,,,,60.20164125,,66.165592595,cosine_distance,0.09487054798325291,0.09690691629203685,0.9051294520167471,0.9030930837079632
8,typed,withheld_cell_transfer_oracle,bh-withheld-cell-oracle-v1,canonical-random:seed=8:fraction=0.01,0.01,observed_only_low_data,16,ee025b17668f91e15e2ff364a4ced540f6ac32d6b2f53925fc0e400a4c20dcc6,1473372587ed7ddac0bfe71d954c982d398152533d0c404b740cf3b3b405042c,7b1a155ef76ae1e452b4c5373327aa0b2c892247cb9a7bf842a19d07efd4d0f8,80.0,3132,3132,16,16,1.0,0.005108556832694764,10.011503386447028,13.806419807482548,0.7581153928222084,0.7793709730859868,0.0,,,,,58.735126040000004,,57.02946192,euclidean_distance,5.322746515274048,5.567039966583252,,
8,anonymous,withheld_cell_transfer_oracle,bh-withheld-cell-oracle-v1,canonical-random:seed=8:fraction=0.01,0.01,globally_unmeasured_prospective,0,2b6fa8b54aaba26e8c2051443fb874473459935b48a69604c4c721c51367c265,549d76bc88eada4c89fcbb23a51bfcb4f7524f2eac1be5bd0ea2c7470bd5130f,0b6276e96f4cf7c7124b95921e6f44ccf4f016f24407db855ca1736dacbfbdcf,80.0,3132,3132,0,0,,0.0,,,,,,,,,,,,,,,,,
8,typed,withheld_cell_transfer_oracle,bh-withheld-cell-oracle-v1,canonical-random:seed=8:fraction=0.01,0.01,globally_unmeasured_prospective,0,2b6fa8b54aaba26e8c2051443fb874473459935b48a69604c4c721c51367c265,549d76bc88eada4c89fcbb23a51bfcb4f7524f2eac1be5bd0ea2c7470bd5130f,0b6276e96f4cf7c7124b95921e6f44ccf4f016f24407db855ca1736dacbfbdcf,80.0,3132,3132,0,0,,0.0,,,,,,,,,,,,,,,,,
8,anonymous,withheld_cell_transfer_oracle,bh-withheld-cell-oracle-v1,canonical-random:seed=8:fraction=0.1,0.1,observed_only_low_data,203,7c5a5b9332e75a95fdde84fcfa84cc1eea50c43e749140840a1544cc028444ab,7c6936df94f7fe8563067104346cbd7588046818af690f546e2147c74b1a4254,dc4aae696bd9996987be47ba1b64d1366cc6108a0272cf5a7f78e8b59ac1075e,80.0,2847,2847,203,203,1.0,0.07130312609764665,9.940316789424859,15.460067433214169,0.8053299427575319,2.454936699162743,0.029556650246305417,0.0,0.0,0.0,6.444444444444445,68.50286760709523,4.126016260162602,61.62826743148781,cosine_distance,0.07008160551386369,0.0702972650044068,0.9299183944861362,0.9297027349955932
8,typed,withheld_cell_transfer_oracle,bh-withheld-cell-oracle-v1,canonical-random:seed=8:fraction=0.1,0.1,observed_only_low_data,202,1528a6eb18813f35c60f3322529f69c9491f87f9bef712409d407a2dbb3618c4,39def54375696681111149603010949e2ab2e224d0ff47de6226010719e94204,9302aa552ebe9b049424a9ac81192f7eb59121bc6faed7d5eb52464e99aa1fca,80.0,2847,2847,202,202,1.0,0.07095187917105725,9.420371352978984,15.017424194659661,0.8183582283053655,1.5248833950124219,0.04455445544554455,0.42857142857142855,0.3333333333333333,9.619047619047619,7.481481481481482,71.3993466937619,4.379403794037941,65.44012224270732,euclidean_distance,4.6976608167780505,4.795831680297852,,
8,anonymous,withheld_cell_transfer_oracle,bh-withheld-cell-oracle-v1,canonical-random:seed=8:fraction=0.1,0.1,globally_unmeasured_prospective,0,2b6fa8b54aaba26e8c2051443fb874473459935b48a69604c4c721c51367c265,549d76bc88eada4c89fcbb23a51bfcb4f7524f2eac1be5bd0ea2c7470bd5130f,ed4738d2e4daac052cd385a17814593b4db773907e2cac6d3c12f0b475f3226e,80.0,2847,2847,0,0,,0.0,,,,,,,,,,,,,,,,,
8,typed,withheld_cell_transfer_oracle,bh-withheld-cell-oracle-v1,canonical-random:seed=8:fraction=0.1,0.1,globally_unmeasured_prospective,0,2b6fa8b54aaba26e8c2051443fb874473459935b48a69604c4c721c51367c265,549d76bc88eada4c89fcbb23a51bfcb4f7524f2eac1be5bd0ea2c7470bd5130f,ed4738d2e4daac052cd385a17814593b4db773907e2cac6d3c12f0b475f3226e,80.0,2847,2847,0,0,,0.0,,,,,,,,,,,,,,,,,
9,anonymous,withheld_cell_transfer_oracle,bh-withheld-cell-oracle-v1,canonical-random:seed=9:fraction=0.01,0.01,observed_only_low_data,24,582cad004094693aa9a42e66587401c321927cdfd0301ccd8e2823899bba91b8,3e5b1fdf01c0023dfea07addd6f781dd1ed9351bd3d9d03aede10bafe1a868d3,7011bce37645dbe4f43a89737fd791890178be8c05a4aa4c7720bee87881f090,80.0,3132,3132,24,24,1.0,0.007662835249042145,10.814700977918868,14.58216077049342,0.7078260869565216,0.21006782736552143,0.041666666666666664,,0.0,,8.0,53.75624800666666,4.800000000000001,54.05557708799999,cosine_distance,0.09800143332918936,0.10054736293356908,0.9019985666708107,0.8994526370664309
9,typed,withheld_cell_transfer_oracle,bh-withheld-cell-oracle-v1,canonical-random:seed=9:fraction=0.01,0.01,observed_only_low_data,17,c7e4f0d7341f99a279fe0c3678da2434a912fc5b9dcd712c48e1919aad68927a,cbdcd0759a28e0b95022b1d953e69d47ac708620da09572fed647c91c7471fbd,bb7ddb1f3aa4ee1e4ee618564bbca4a2f30cd3abe41a03c32e834f69a1fef45e,80.0,3132,3132,17,17,1.0,0.005427841634738187,8.224191520968784,10.444005451832334,0.8823529411764707,-0.32248690991529155,0.058823529411764705,,0.0,,8.5,71.02694977499999,4.25,63.460593572499995,euclidean_distance,5.328622649697697,5.4772257804870605,,
9,anonymous,withheld_cell_transfer_oracle,bh-withheld-cell-oracle-v1,canonical-random:seed=9:fraction=0.01,0.01,globally_unmeasured_prospective,0,2b6fa8b54aaba26e8c2051443fb874473459935b48a69604c4c721c51367c265,549d76bc88eada4c89fcbb23a51bfcb4f7524f2eac1be5bd0ea2c7470bd5130f,733bdbd6283943e8d93fad40def72bfae2636870e83c30541dac15d903804b22,80.0,3132,3132,0,0,,0.0,,,,,,,,,,,,,,,,,
9,typed,withheld_cell_transfer_oracle,bh-withheld-cell-oracle-v1,canonical-random:seed=9:fraction=0.01,0.01,globally_unmeasured_prospective,0,2b6fa8b54aaba26e8c2051443fb874473459935b48a69604c4c721c51367c265,549d76bc88eada4c89fcbb23a51bfcb4f7524f2eac1be5bd0ea2c7470bd5130f,733bdbd6283943e8d93fad40def72bfae2636870e83c30541dac15d903804b22,80.0,3132,3132,0,0,,0.0,,,,,,,,,,,,,,,,,
9,anonymous,withheld_cell_transfer_oracle,bh-withheld-cell-oracle-v1,canonical-random:seed=9:fraction=0.1,0.1,observed_only_low_data,193,ce11475bbb0de7b18396d0c7af6bcf5dd75ad06ea3bdc6ed6166ed6447654d8b,fd099a7d53a24f93db4f8f858c0296926fb1dec740a9ed0246da8606729257d4,9c1692403f1edfa458e58a843de82aa142d46a5d537c66ba021e9591e6d742ab,80.0,2847,2847,193,192,0.9948186528497409,0.06743940990516333,10.605970255498695,15.062203851617243,0.7890513679274285,2.053146890676486,0.015625,,0.0,,6.4,62.73336584369999,4.923076923076923,60.0708096465641,cosine_distance,0.06880632323038433,0.06869535714797897,0.9311936767696157,0.9313046428520211
9,typed,withheld_cell_transfer_oracle,bh-withheld-cell-oracle-v1,canonical-random:seed=9:fraction=0.1,0.1,observed_only_low_data,191,b06488d3473fdf64391dc4b58f55617b9758ad671c05de112685fe793caac2ae,93429463e0af70739d34cbf0a104fa60420d8aa64f5649ce3b1e4890fe73e7be,0c3d523d6943b63245bc98367752992df1f9bdba9f379f249fa222235c3d68df,80.0,2847,2847,191,189,0.9895287958115183,0.06638566912539515,10.233700122130475,14.768378485278873,0.8132301492224291,2.099959007598758,0.05291005291005291,1.0,0.3,18.900000000000002,8.952631578947368,70.2393455631579,4.476315789473684,65.31736801457895,euclidean_distance,4.6526045370354225,4.690415859222412,,
9,anonymous,withheld_cell_transfer_oracle,bh-withheld-cell-oracle-v1,canonical-random:seed=9:fraction=0.1,0.1,globally_unmeasured_prospective,1,574ca2d60605e234c841798688da8fb3472295f5770d580d3be1674d8a4bba3d,445dd2b7f12dc37ffc598a06c84ae6d7fcf81d238821e2cc1d7ca0c6e3758825,aa4575106eaaac6f6ad67b736389b58ccf7119028dc34d2cf9cf149c8519e0f6,80.0,2847,2847,1,0,0.0,0.0,,,,,,,,,,,,,,,,,
9,typed,withheld_cell_transfer_oracle,bh-withheld-cell-oracle-v1,canonical-random:seed=9:fraction=0.1,0.1,globally_unmeasured_prospective,2,0472f37182ef20ce36cc6da6dde575794dec9d33271323d612f4bcffeb600ade,8fcf83d3d9d2a42948f3a8515e266543087ba846f8b0e80073a86292f6c212d6,a742db9537642de9369a8377a0e6224070127ce38698a8b365eb7158988e747a,80.0,2847,2847,2,0,0.0,0.0,,,,,,,,,,,,,,,,,
10,anonymous,withheld_cell_transfer_oracle,bh-withheld-cell-oracle-v1,canonical-random:seed=10:fraction=0.01,0.01,observed_only_low_data,23,d2ff28446bd67d86054395180e55bfdd63dc9c8fccaf0145323453824d8d3ed1,c6edd147924460bcd980c240b1f751741e8da38330999f5451401abf631b3510,b0a5f79be753a12b478456cb5b8b89f4d59925a7a5c01f982e5d781c4734714c,80.0,3132,3132,23,23,1.0,0.007343550446998723,19.053318466245404,25.093424201144224,0.4525691699604743,-2.6239815828220667,0.08695652173913043,,0.0,,0.0,35.67961448,0.0,40.999759168000004,cosine_distance,0.09084511475865815,0.10664573576199654,0.9091548852413418,0.8933542642380035
10,typed,withheld_cell_transfer_oracle,bh-withheld-cell-oracle-v1,canonical-random:seed=10:fraction=0.01,0.01,observed_only_low_data,19,c7ff28503d37bb5570568936c863b5f717803f02334f6c1d7f28cb447621e7be,2d9a2fe46468e3af0ad697f6a6d151783a13e9b486e02213e00dbaae876a35eb,5eccdc9bc9bb91892de2006f6baebaa9da1bc3f6accd895eb863402c0f875676,80.0,3132,3132,19,19,1.0,0.006066411238825032,21.814093135223217,27.45383287532069,0.3543859649122807,-2.8788241073540184,0.10526315789473684,,0.0,,0.0,23.984776795000002,0.0,43.157429317500004,euclidean_distance,5.360678584952104,5.291502475738525,,
10,anonymous,withheld_cell_transfer_oracle,bh-withheld-cell-oracle-v1,canonical-random:seed=10:fraction=0.01,0.01,globally_unmeasured_prospective,0,2b6fa8b54aaba26e8c2051443fb874473459935b48a69604c4c721c51367c265,549d76bc88eada4c89fcbb23a51bfcb4f7524f2eac1be5bd0ea2c7470bd5130f,8a41a7d31497393f65b857c25c5e91f62b6b6d880f3b892667ba7d3715b0af81,80.0,3132,3132,0,0,,0.0,,,,,,,,,,,,,,,,,
10,typed,withheld_cell_transfer_oracle,bh-withheld-cell-oracle-v1,canonical-random:seed=10:fraction=0.01,0.01,globally_unmeasured_prospective,0,2b6fa8b54aaba26e8c2051443fb874473459935b48a69604c4c721c51367c265,549d76bc88eada4c89fcbb23a51bfcb4f7524f2eac1be5bd0ea2c7470bd5130f,8a41a7d31497393f65b857c25c5e91f62b6b6d880f3b892667ba7d3715b0af81,80.0,3132,3132,0,0,,0.0,,,,,,,,,,,,,,,,,
10,anonymous,withheld_cell_transfer_oracle,bh-withheld-cell-oracle-v1,canonical-random:seed=10:fraction=0.1,0.1,observed_only_low_data,196,c0e6eaa8286b8725f5403e4d0ffbc0afcffa911f697b1412906b4644a40966aa,24e3d3b069c73e9c0c86be334ca4d830e71e305a674d0efbb774b3b0afe5bbb7,dfc443a6dff6b6d782e6a023d31435b083c3c4a748980c857797005f55cbaaba,80.0,2847,2847,196,196,1.0,0.0688443976115209,10.577872323981996,16.327861789289948,0.7235774049156061,3.834871412681741,0.015306122448979591,,0.0,,9.8,55.162045279249995,4.9,52.698856810825006,cosine_distance,0.06998691194396973,0.07173788419029559,0.9300130880560302,0.9282621158097044
10,typed,withheld_cell_transfer_oracle,bh-withheld-cell-oracle-v1,canonical-random:seed=10:fraction=0.1,0.1,observed_only_low_data,193,f106d5cbc6ff572a48c9c600660dc0a6fcdf6a57e50a9c03f90c24dd8b3bca00,4e34f4971d8e8af337cda4908ad377acb2445d09e0fd3f5d2a52179e314190c1,489b8249ce4fb8d23a21ba6f3a94ffdd4070e8c1ab7801682403e8f403784b53,80.0,2847,2847,193,193,1.0,0.06779065683175273,10.326347543567476,16.11768330670019,0.7533862270911043,2.917858615743315,0.02072538860103627,0.5,0.25,24.125,9.65,61.51064492905,4.948717948717948,57.749961998794866,euclidean_distance,4.640990199202701,4.795831680297852,,
10,anonymous,withheld_cell_transfer_oracle,bh-withheld-cell-oracle-v1,canonical-random:seed=10:fraction=0.1,0.1,globally_unmeasured_prospective,0,2b6fa8b54aaba26e8c2051443fb874473459935b48a69604c4c721c51367c265,549d76bc88eada4c89fcbb23a51bfcb4f7524f2eac1be5bd0ea2c7470bd5130f,455e92a2a1a245d048f31fdfdc924780d82fec166139d3c29b4a584133c94318,80.0,2847,2847,0,0,,0.0,,,,,,,,,,,,,,,,,
10,typed,withheld_cell_transfer_oracle,bh-withheld-cell-oracle-v1,canonical-random:seed=10:fraction=0.1,0.1,globally_unmeasured_prospective,0,2b6fa8b54aaba26e8c2051443fb874473459935b48a69604c4c721c51367c265,549d76bc88eada4c89fcbb23a51bfcb4f7524f2eac1be5bd0ea2c7470bd5130f,455e92a2a1a245d048f31fdfdc924780d82fec166139d3c29b4a584133c94318,80.0,2847,2847,0,0,,0.0,,,,,,,,,,,,,,,,,
11,anonymous,withheld_cell_transfer_oracle,bh-withheld-cell-oracle-v1,canonical-random:seed=11:fraction=0.01,0.01,observed_only_low_data,25,bb4479ec9ba8f399697c38f03fb172945a3b510bba71f1148f67b8ac2b2bb219,a166f7aac80b6773149c5969aa0eb811a648967a955435ee6394123b8b8efe30,efab72772861793e8be9d97bd1c9e58419b229bd5e400aeddc804c36de59e134,80.0,3132,3132,25,25,1.0,0.007982120051085569,14.820436091538234,20.708785795084342,0.6338461538461537,-1.8954197258604262,0.04,,0.0,,0.0,71.72825152333333,0.0,63.73838304799999,cosine_distance,0.09305204980226268,0.08980810759766311,0.9069479501977373,0.9101918924023369
11,typed,withheld_cell_transfer_oracle,bh-withheld-cell-oracle-v1,canonical-random:seed=11:fraction=0.01,0.01,observed_only_low_data,19,e50b95b0c1b0b31fbcdb9b0fb2dbc93e9bd7a7da7f2f14a0abb90495aca47086,ccd021c2578333e92aa471d9c50338bec1088f4ade7557f0fcd1f75b0a55436a,a486170153b68d9abb6bb40cfc2353a83b4a1185f82a931adc6744660f3ec62c,80.0,3132,3132,19,19,1.0,0.006066411238825032,15.006833021373055,20.97741161079094,0.6947368421052632,-2.0102895390097673,0.05263157894736842,,0.0,,0.0,68.444218575,0.0,61.09164036999999,euclidean_distance,5.203321482005872,5.291502475738525,,
11,anonymous,withheld_cell_transfer_oracle,bh-withheld-cell-oracle-v1,canonical-random:seed=11:fraction=0.01,0.01,globally_unmeasured_prospective,0,2b6fa8b54aaba26e8c2051443fb874473459935b48a69604c4c721c51367c265,549d76bc88eada4c89fcbb23a51bfcb4f7524f2eac1be5bd0ea2c7470bd5130f,c7405948ef0755755aa208053aae1a8d3b87f8029326c0b1a5aabdffe45884b3,80.0,3132,3132,0,0,,0.0,,,,,,,,,,,,,,,,,
11,typed,withheld_cell_transfer_oracle,bh-withheld-cell-oracle-v1,canonical-random:seed=11:fraction=0.01,0.01,globally_unmeasured_prospective,0,2b6fa8b54aaba26e8c2051443fb874473459935b48a69604c4c721c51367c265,549d76bc88eada4c89fcbb23a51bfcb4f7524f2eac1be5bd0ea2c7470bd5130f,c7405948ef0755755aa208053aae1a8d3b87f8029326c0b1a5aabdffe45884b3,80.0,3132,3132,0,0,,0.0,,,,,,,,,,,,,,,,,
11,anonymous,withheld_cell_transfer_oracle,bh-withheld-cell-oracle-v1,canonical-random:seed=11:fraction=0.1,0.1,observed_only_low_data,185,b02dcce66caf99c332f5589e766938468a8df9fb95b4d68f1461c969a12a3b7b,4c77f94d23763511d02997760c3d4ef5092cb41bf1887caf4fa9401918ba1dd7,f55ed987eebda02db45407d2b0f09a65b4bb1e343cd5a13494d98288cfa4a9e1,80.0,2847,2847,185,185,1.0,0.06498068141903758,12.045199863863942,17.77125265499289,0.7244041958100442,5.28162498201932,0.02702702702702703,0.0,0.0,0.0,3.894736842105263,60.85811435,4.0,56.873617156513525,cosine_distance,0.07196958410041676,0.07641438608094697,0.928030415899583,0.923585613919053
11,typed,withheld_cell_transfer_oracle,bh-withheld-cell-oracle-v1,canonical-random:seed=11:fraction=0.1,0.1,observed_only_low_data,184,6f414ab14fbb1f47ea4701c6c12f248d6d065de281b6a64b3d4f4a2a0f7bb69a,7b83e33724c8576df35333a3e7e151dd957dcd65bcf5a89a2cfd291c17aaab09,36ebf388825efb38f1462a097f593e49959bf35ecfcc08bf098d3fab4b174007,80.0,2847,2847,184,184,1.0,0.06462943449244819,10.59791688097098,15.980769513475435,0.7904276864258953,4.621665108088142,0.07065217391304347,0.8,0.3076923076923077,11.323076923076924,5.2145748987854255,68.12000882842104,4.207900207900209,64.94117121916216,euclidean_distance,4.786605180605598,5.0,,
11,anonymous,withheld_cell_transfer_oracle,bh-withheld-cell-oracle-v1,canonical-random:seed=11:fraction=0.1,0.1,globally_unmeasured_prospective,0,2b6fa8b54aaba26e8c2051443fb874473459935b48a69604c4c721c51367c265,549d76bc88eada4c89fcbb23a51bfcb4f7524f2eac1be5bd0ea2c7470bd5130f,2e7a7745dbb985dd91277ed17f8661ba22a7755fdf30aace8fa9be3545ed6c69,80.0,2847,2847,0,0,,0.0,,,,,,,,,,,,,,,,,
11,typed,withheld_cell_transfer_oracle,bh-withheld-cell-oracle-v1,canonical-random:seed=11:fraction=0.1,0.1,globally_unmeasured_prospective,0,2b6fa8b54aaba26e8c2051443fb874473459935b48a69604c4c721c51367c265,549d76bc88eada4c89fcbb23a51bfcb4f7524f2eac1be5bd0ea2c7470bd5130f,2e7a7745dbb985dd91277ed17f8661ba22a7755fdf30aace8fa9be3545ed6c69,80.0,2847,2847,0,0,,0.0,,,,,,,,,,,,,,,,,
12,anonymous,withheld_cell_transfer_oracle,bh-withheld-cell-oracle-v1,canonical-random:seed=12:fraction=0.01,0.01,observed_only_low_data,27,876dd8e9dd099ff95018451a93b6de85eae4dbd52929c477dbf723145368ebc5,d9013796331d73a84f617e44f91ff7bca511f6672d1ee46211516240d74b9316,9fb15332d74b9f21b829561b33393bf05225f4ca6f42812afbb11de9a6578cfa,80.0,3132,3132,27,27,1.0,0.008620689655172414,16.151061889087813,21.995606006302275,0.7075702075702076,7.49151203412649,0.07407407407407407,0.0,0.0,0.0,0.0,73.09420588666667,2.25,64.90738443333333,cosine_distance,0.10382679664238184,0.10618064270331395,0.8961732033576182,0.893819357296686
12,typed,withheld_cell_transfer_oracle,bh-withheld-cell-oracle-v1,canonical-random:seed=12:fraction=0.01,0.01,observed_only_low_data,17,8b0ccc5a87b50a497b35825223a4b7b309e73fc17d9c9c89365772ede2e17bfa,2e9c0cfa477dff51d105fd60deb5818ee5e39e728bd5f96b200c4546e4c0e371,f9bcef76481e4a952d58f58837a22bd512505947cfb96a6203156018d16a80be,80.0,3132,3132,17,17,1.0,0.005427841634738187,18.970231256843963,24.51776649246563,0.6544117647058824,5.164325800725511,0.058823529411764705,0.0,0.0,0.0,0.0,60.947417445,4.25,58.6847844275,euclidean_distance,5.538504558451035,5.916079998016357,,
12,anonymous,withheld_cell_transfer_oracle,bh-withheld-cell-oracle-v1,canonical-random:seed=12:fraction=0.01,0.01,globally_unmeasured_prospective,0,2b6fa8b54aaba26e8c2051443fb874473459935b48a69604c4c721c51367c265,549d76bc88eada4c89fcbb23a51bfcb4f7524f2eac1be5bd0ea2c7470bd5130f,83b6876dc726f64d7fa414166c2e21b001e335a3b9fb477d745c100249f835f0,80.0,3132,3132,0,0,,0.0,,,,,,,,,,,,,,,,,
12,typed,withheld_cell_transfer_oracle,bh-withheld-cell-oracle-v1,canonical-random:seed=12:fraction=0.01,0.01,globally_unmeasured_prospective,0,2b6fa8b54aaba26e8c2051443fb874473459935b48a69604c4c721c51367c265,549d76bc88eada4c89fcbb23a51bfcb4f7524f2eac1be5bd0ea2c7470bd5130f,83b6876dc726f64d7fa414166c2e21b001e335a3b9fb477d745c100249f835f0,80.0,3132,3132,0,0,,0.0,,,,,,,,,,,,,,,,,
12,anonymous,withheld_cell_transfer_oracle,bh-withheld-cell-oracle-v1,canonical-random:seed=12:fraction=0.1,0.1,observed_only_low_data,194,d4cdce5d6d531a005ba828b5deb1a08bcce49afc829808d057d15a65c1094846,cbf39067ce70fcfefb45290ae484893cf166410c325a1758ecba823d31ea5b0d,8d503961b4eb3cce49f690be4eddd35d45ab0e4cee3536ac0087243fea61c614,80.0,2847,2847,194,194,1.0,0.06814190375834211,9.90499750505253,16.270296683964013,0.7529021178017881,3.277396836867027,0.005154639175257732,0.0,0.0,0.0,9.700000000000001,59.564904133300004,4.9743589743589745,57.58212581482052,cosine_distance,0.07094867167177284,0.07372032209054469,0.9290513283282271,0.9262796779094553
12,typed,withheld_cell_transfer_oracle,bh-withheld-cell-oracle-v1,canonical-random:seed=12:fraction=0.1,0.1,observed_only_low_data,198,54afbd1da3f65e4efab8a064f30cb9daec7862092b16ba80bd7b25341f4e69ca,3911a6d2d6878480e3f1e32a34e016202c30bc357718f60e7f447891268c72ad,83dd7a2c8defaa780e408e2c68c080fed9a34b7b14da342262ee5015284ec99e,80.0,2847,2847,198,198,1.0,0.06954689146469968,9.344563821164764,15.23364593309221,0.7946527954852664,2.597227089558171,0.030303030303030304,0.5,0.5,16.5,9.899999999999999,68.23329572544999,4.949999999999999,62.47150198852499,euclidean_distance,4.684437282157667,4.795831680297852,,
12,anonymous,withheld_cell_transfer_oracle,bh-withheld-cell-oracle-v1,canonical-random:seed=12:fraction=0.1,0.1,globally_unmeasured_prospective,0,2b6fa8b54aaba26e8c2051443fb874473459935b48a69604c4c721c51367c265,549d76bc88eada4c89fcbb23a51bfcb4f7524f2eac1be5bd0ea2c7470bd5130f,e40693e7c230838afd041e16806df4d43e5e3b1a118f334a5e4244cf50a0acbe,80.0,2847,2847,0,0,,0.0,,,,,,,,,,,,,,,,,
12,typed,withheld_cell_transfer_oracle,bh-withheld-cell-oracle-v1,canonical-random:seed=12:fraction=0.1,0.1,globally_unmeasured_prospective,0,2b6fa8b54aaba26e8c2051443fb874473459935b48a69604c4c721c51367c265,549d76bc88eada4c89fcbb23a51bfcb4f7524f2eac1be5bd0ea2c7470bd5130f,e40693e7c230838afd041e16806df4d43e5e3b1a118f334a5e4244cf50a0acbe,80.0,2847,2847,0,0,,0.0,,,,,,,,,,,,,,,,,
13,anonymous,withheld_cell_transfer_oracle,bh-withheld-cell-oracle-v1,canonical-random:seed=13:fraction=0.01,0.01,observed_only_low_data,26,f452c02b3df8e294b721cfe52b22999a140fd8c25e57362bc9431495d708058c,ff353c2f7cb582fa6786e1ea2ce9a02445c6aa5826ac13c82b6d6ccf85ebad26,33b99bb78489727ca1216a1b26935effd7c32c1028f93130368755520da78260,80.0,3132,3132,26,26,1.0,0.008301404853128991,17.94926557058255,22.94702011377141,0.5582905982905982,1.1166572309817193,0.038461538461538464,,0.0,,0.0,47.136602485666664,0.0,55.23200022616666,cosine_distance,0.10259379181364849,0.09224421527448307,0.8974062081863518,0.9077557847255169
13,typed,withheld_cell_transfer_oracle,bh-withheld-cell-oracle-v1,canonical-random:seed=13:fraction=0.01,0.01,observed_only_low_data,19,5b2fb1607afaef8f192ad3285c8882ff1307a10a73d970c26bb1cdc688a0a06e,7c66bd263ff551757c0709264e3107ab616fa1f031f486a534e15d91fef989a0,4682ee98df251d919e82b04d367051090ca809997d5da2e5a10d6e27edb80971,80.0,3132,3132,19,19,1.0,0.006066411238825032,12.926198563730946,18.379128710729354,0.6596491228070176,1.174204135932364,0.0,,,,,67.238972545,,61.65757096499999,euclidean_distance,5.2977244728489925,5.291502475738525,,
13,anonymous,withheld_cell_transfer_oracle,bh-withheld-cell-oracle-v1,canonical-random:seed=13:fraction=0.01,0.01,globally_unmeasured_prospective,0,2b6fa8b54aaba26e8c2051443fb874473459935b48a69604c4c721c51367c265,549d76bc88eada4c89fcbb23a51bfcb4f7524f2eac1be5bd0ea2c7470bd5130f,0bc2ad1ba03684b59b5dee2fb453dcff2797a0e015fea53c8a2d811f95ab193d,80.0,3132,3132,0,0,,0.0,,,,,,,,,,,,,,,,,
13,typed,withheld_cell_transfer_oracle,bh-withheld-cell-oracle-v1,canonical-random:seed=13:fraction=0.01,0.01,globally_unmeasured_prospective,0,2b6fa8b54aaba26e8c2051443fb874473459935b48a69604c4c721c51367c265,549d76bc88eada4c89fcbb23a51bfcb4f7524f2eac1be5bd0ea2c7470bd5130f,0bc2ad1ba03684b59b5dee2fb453dcff2797a0e015fea53c8a2d811f95ab193d,80.0,3132,3132,0,0,,0.0,,,,,,,,,,,,,,,,,
13,anonymous,withheld_cell_transfer_oracle,bh-withheld-cell-oracle-v1,canonical-random:seed=13:fraction=0.1,0.1,observed_only_low_data,204,c07fbabac6f0f1edfe5ab2f77f16daad5020969f1a94e89e6e17979681499f85,087be2305dd288d165ff99c5fc2228cd5955c63b10086d099f4067fb63a40ee4,c644ebb73a525d7d6d9630c38b3500363118368b41175838241ad1b7eb682d12,80.0,2847,2847,204,204,1.0,0.07165437302423604,9.115463207146526,13.72113143705793,0.7874488468755049,-0.14005440696755442,0.029411764705882353,1.0,0.16666666666666666,34.0,8.095238095238095,68.72493462095238,4.975609756097561,65.36466109609756,cosine_distance,0.06495528923864355,0.0637541016623584,0.9350447107613565,0.9362458983376416
13,typed,withheld_cell_transfer_oracle,bh-withheld-cell-oracle-v1,canonical-random:seed=13:fraction=0.1,0.1,observed_only_low_data,194,b7315171c3bbf9b36bfd552fb99f74955eb49e0f31efecec40dbcdc7153b9ad7,cc9117127960633a7aea5fb8d02055be92e904936760a3069abab48446681499,50b9cd65f00dbc3239ced5f2f1aafc383d6040471e107dcf4443812d74e8ef55,80.0,2847,2847,194,193,0.9948453608247423,0.06779065683175273,9.04513335970513,13.58970019877806,0.8206747009888569,-0.3349194106504493,0.06217616580310881,0.75,0.5,12.0625,8.041666666666666,75.682954121,4.948717948717949,70.03385025692306,euclidean_distance,4.535221119618787,4.582575798034668,,
13,anonymous,withheld_cell_transfer_oracle,bh-withheld-cell-oracle-v1,canonical-random:seed=13:fraction=0.1,0.1,globally_unmeasured_prospective,0,2b6fa8b54aaba26e8c2051443fb874473459935b48a69604c4c721c51367c265,549d76bc88eada4c89fcbb23a51bfcb4f7524f2eac1be5bd0ea2c7470bd5130f,c646f32374614888af272d2832a314b7221dce92998d7fdcd349a072ea94da1a,80.0,2847,2847,0,0,,0.0,,,,,,,,,,,,,,,,,
13,typed,withheld_cell_transfer_oracle,bh-withheld-cell-oracle-v1,canonical-random:seed=13:fraction=0.1,0.1,globally_unmeasured_prospective,1,d5df96c943224d9ba68ffa2157c952440722c3991fd4b734f49fce77a2cde28b,a06c26031072ef6f502bd6dd19a31848e18f2ad56d1a93fe65b690f3c5bfe566,8d13817b9fcd3a8123d8c6a482df2fbb4e0a10d742ef95826553abdd9a6f677a,80.0,2847,2847,1,0,0.0,0.0,,,,,,,,,,,,,,,,,
14,anonymous,withheld_cell_transfer_oracle,bh-withheld-cell-oracle-v1,canonical-random:seed=14:fraction=0.01,0.01,observed_only_low_data,25,32dc01ca961de73096d0e6bd2ba80b3543f01cccdee5e03cb8ce3b5a20c6173b,a7a1d760bc603b3e8c22114cd8d57805e62b6076dc0bbc01f7ae8f138b649cb1,983ae680a76138d755ec77a1b11c16f85896904dd1ffa556d76833576081a61a,80.0,3132,3132,25,25,1.0,0.007982120051085569,12.247706683704234,17.841260981568034,0.8055395417331456,-4.257347429621627,0.0,,,,,69.22848746333334,,69.688158684,cosine_distance,0.11057687658673823,0.1124481872548333,0.8894231234132619,0.8875518127451667
14,typed,withheld_cell_transfer_oracle,bh-withheld-cell-oracle-v1,canonical-random:seed=14:fraction=0.01,0.01,observed_only_low_data,13,c94f93da6ca6135b09fb8004059fc98ee57dd92aca192c709d10f63c9607a1c9,ff296a7cb53fced402cf5ed112ef7d4cc52c628f31f0d99f25d3c3705adaf175,fb0e4babab83079675de17c70cf218055227805c8a96fb569f4d747205689f0a,80.0,3132,3132,13,13,1.0,0.004150702426564496,10.861772056248201,15.451127125708524,0.888584059327378,1.3143451925359027,0.0,,,,,75.27563493,,72.16371704666666,euclidean_distance,5.712269416222205,6.0,,
14,anonymous,withheld_cell_transfer_oracle,bh-withheld-cell-oracle-v1,canonical-random:seed=14:fraction=0.01,0.01,globally_unmeasured_prospective,0,2b6fa8b54aaba26e8c2051443fb874473459935b48a69604c4c721c51367c265,549d76bc88eada4c89fcbb23a51bfcb4f7524f2eac1be5bd0ea2c7470bd5130f,1d9c406eb699b7de5c82c76d3821691d35ce286108b38f35bbb3f386cda79212,80.0,3132,3132,0,0,,0.0,,,,,,,,,,,,,,,,,
14,typed,withheld_cell_transfer_oracle,bh-withheld-cell-oracle-v1,canonical-random:seed=14:fraction=0.01,0.01,globally_unmeasured_prospective,0,2b6fa8b54aaba26e8c2051443fb874473459935b48a69604c4c721c51367c265,549d76bc88eada4c89fcbb23a51bfcb4f7524f2eac1be5bd0ea2c7470bd5130f,1d9c406eb699b7de5c82c76d3821691d35ce286108b38f35bbb3f386cda79212,80.0,3132,3132,0,0,,0.0,,,,,,,,,,,,,,,,,
14,anonymous,withheld_cell_transfer_oracle,bh-withheld-cell-oracle-v1,canonical-random:seed=14:fraction=0.1,0.1,observed_only_low_data,209,d34732e93fb98fda733d58c038ea4d331d23fb4dd5179d1955aad2ec10c92f8a,43c88d8c6bfb58eef5f41d77c3b6a95c4a99a128ed56b12029e3d146459388f2,808df547f015d3d738ed443dd2e9e5b3ea08bb66bf3b473b45e169f0b792ad51,80.0,2847,2847,209,208,0.9952153110047847,0.0730593607305936,9.847934810324789,13.461239099714165,0.8316877210415146,0.08629984978877953,0.014423076923076924,,0.0,,6.603174603174603,69.23717868428571,4.952380952380952,64.55271006152381,cosine_distance,0.06694238335034403,0.06788319456919178,0.933057616649656,0.9321168054308082
14,typed,withheld_cell_transfer_oracle,bh-withheld-cell-oracle-v1,canonical-random:seed=14:fraction=0.1,0.1,observed_only_low_data,210,78feb1ab05c7a5a7f34aa1cc160b51cb94d5fdab3c19296828767cc92cec563a,2887c290c03d69afaa5bcd60f60935e9b3cc6366653c94872cafbc442b2c3b7c,77a5d7425b32f07e64c70c93117465391af9a87942564f160cc8f7131ce2c341,80.0,2847,2847,210,209,0.9952380952380953,0.073410607657183,9.499202280095417,13.314473557630173,0.8538843467060289,-0.03490463287190315,0.05741626794258373,1.0,0.6666666666666666,17.416666666666668,8.293650793650793,77.11071308380951,4.976190476190475,70.94655306295239,euclidean_distance,4.597001402001632,4.690415859222412,,
14,anonymous,withheld_cell_transfer_oracle,bh-withheld-cell-oracle-v1,canonical-random:seed=14:fraction=0.1,0.1,globally_unmeasured_prospective,1,574ca2d60605e234c841798688da8fb3472295f5770d580d3be1674d8a4bba3d,965c2860d275ab7fd14f609848980c2a365e342c5ea9f8108f0432aa3f6ab6fe,cba0114e8199f3132a60ac8e901729d9443041728cbe483278621fa5f7a8e39a,80.0,2847,2847,1,0,0.0,0.0,,,,,,,,,,,,,,,,,
14,typed,withheld_cell_transfer_oracle,bh-withheld-cell-oracle-v1,canonical-random:seed=14:fraction=0.1,0.1,globally_unmeasured_prospective,1,574ca2d60605e234c841798688da8fb3472295f5770d580d3be1674d8a4bba3d,cd73fe3ac96cc52f206eb541043c6cbed23bfb00b6ff0e6409981c074dc929e7,6685f668ea071c4c7e73ff8bdde316bd9fb84e67d38b33b2c63218c7edb54eea,80.0,2847,2847,1,0,0.0,0.0,,,,,,,,,,,,,,,,,
