search,seed,train_fraction,mae_baseline,mae_augmented,mae_delta_aug_minus_base,rmse_baseline,rmse_augmented,rmse_delta_aug_minus_base,r2_baseline,r2_augmented,r2_delta_aug_minus_base,spearman_baseline,spearman_augmented,spearman_delta_aug_minus_base
small_search,0,0.01,16.58285757960093,14.863605212283254,-1.7192523673176758,20.647761063347748,18.96463364966533,-1.683127413682417,0.4378381003093285,0.5257532192039402,0.08791511889461173,0.6653742905569467,0.7365224067479773,0.07114811619103056
small_search,0,0.05,11.242544205819415,11.228099476795908,-0.014444729023507463,15.410136141627056,15.119664890315107,-0.2904712513119492,0.6868672966357116,0.6985607450980096,0.011693448462298028,0.8294245698850661,0.8327612443713375,0.003336674486271396
small_search,0,0.1,9.795814597937795,9.672724980022569,-0.12308961791522677,13.244520450773123,13.124373995138004,-0.12014645563511905,0.768693438378967,0.7728709566841014,0.004177518305134464,0.8676260090981126,0.8673659670742325,-0.00026004202388008046
small_search,0,0.2,7.902898399643223,,,10.971542583456078,,,0.8412729800955722,,,0.9027970068883124,,
small_search,0,0.5,5.868105352863369,,,8.377851642992928,,,0.9074490656919512,,,0.9427499368790724,,
small_search,1,0.01,17.172640177065677,16.914068614310686,-0.25857156275499094,21.92174929983237,21.594740409957712,-0.3270088898746586,0.39347061356082,0.4114309657446396,0.017960352183819583,0.7292631383111146,0.7140301699564385,-0.015232968354676024
small_search,1,0.05,12.342318603289549,12.38265270993565,0.040334106646101375,16.55774246979803,15.971193720330456,-0.586548749467573,0.6539780248553229,0.678059074195633,0.02408104934031019,0.8122593355865017,0.8286277769457437,0.016368441359242092
small_search,1,0.1,10.513744277920988,10.402978810434693,-0.11076546748629568,14.883098144184174,14.1082265078391,-0.7748716363450736,0.7204315715997038,0.7487845872227237,0.02835301562301984,0.8443472858710793,0.8627513227611603,0.018404036890080966
small_search,1,0.2,8.278635127001932,,,12.4617201901607,,,0.8039993891283472,,,0.8886089032812491,,
small_search,1,0.5,6.118204065584861,,,8.880818737719686,,,0.9004577516913692,,,0.9416886969545512,,
small_search,2,0.01,16.550916179022707,14.647351277764097,-1.9035649012586102,20.68056536152383,18.55269059864528,-2.127874762878548,0.4199452432971553,0.5331708335714247,0.11322559027426937,0.7029881709700735,0.7470226149899842,0.044034444019910746
small_search,2,0.05,10.244078447893262,10.131578510930442,-0.1124999369628199,14.331114808580864,14.21153649848636,-0.11957831009450359,0.7214493806264612,0.7260784202856463,0.004629039659185041,0.8584009908781126,0.8602982725254759,0.001897281647363247
small_search,2,0.1,8.903939611971039,9.214136358618434,0.3101967466473958,12.428742500120634,12.484761121913824,0.05601862179318928,0.7904929900270639,0.7886001609223999,-0.001892829104663929,0.8982995657675791,0.8945830814975584,-0.0037164842700206924
small_search,2,0.2,7.388461782068456,,,10.565779896696446,,,0.8485925320082873,,,0.927407194259926,,
small_search,2,0.5,5.227920574452163,,,7.69374918265114,,,0.9197176223094728,,,0.9591121099132092,,
small_search,3,0.01,18.968947937508123,16.668975613396803,-2.2999723241113195,23.77310236097764,20.813408240677337,-2.959694120300302,0.2799442945581152,0.448074092181822,0.16812979762370678,0.5503922950425927,0.6927776948759221,0.14238539983332943
small_search,3,0.05,11.153958847441457,10.855568419916914,-0.29839042752454326,14.838119806132346,14.265209449591394,-0.5729103565409517,0.7194875625217979,0.7407309475698697,0.021243385048071772,0.8541249468079303,0.8659091191984006,0.01178417239047036
small_search,3,0.1,9.683216991282322,10.00595474439212,0.3227377531097986,13.692595252617505,13.437950074505173,-0.254645178112332,0.7611276309090029,0.7699297726026024,0.008802141693599497,0.8720289501444871,0.8797741075454197,0.007745157400932623
small_search,3,0.2,8.019202007213325,,,11.661122593265356,,,0.8267492603183624,,,0.9011612431597418,,
small_search,3,0.5,5.576583093195739,,,8.33527426091497,,,0.9114814759756356,,,0.94952323233365,,
small_search,4,0.01,19.02167244643575,18.119658501602785,-0.9020139448329658,23.814272922587943,22.42833459346151,-1.3859383291264322,0.2745569008202,0.3565382235902431,0.08198132277004311,0.5892817566052866,0.6514731029581563,0.062191346352869714
small_search,4,0.05,11.99052657693474,11.732705962058873,-0.25782061487586816,15.709478216159292,15.398265685373774,-0.311212530785518,0.6843162539541341,0.6967000642606541,0.012383810306520027,0.8407224708452423,0.8534163689062171,0.012693898060974762
small_search,4,0.1,10.24306725368054,10.080317718200009,-0.16274953548053084,13.890296800685636,13.377447388254856,-0.5128494124307803,0.7531962512627106,0.7710844978957232,0.017888246633012583,0.8677111355033881,0.8834177738443358,0.015706638340947765
small_search,4,0.2,8.18071184447468,,,11.52915815305667,,,0.8299706501473912,,,0.9145637881909396,,
small_search,4,0.5,5.677790705318224,,,8.4713413617939,,,0.9082020324867496,,,0.951179887615473,,
large_search,0,0.01,16.58285757960093,14.758007796379657,-1.8248497832212731,20.647761063347748,18.766292827733764,-1.8814682356139834,0.4378381003093285,0.5356211263518396,0.09778302604251105,0.6653742905569467,0.7408717086471955,0.07549741809024879
large_search,0,0.05,11.242544205819415,11.377049363131324,0.13450515731190826,15.410136141627056,14.833453471312602,-0.5766826703144545,0.6868672966357116,0.7098650659548416,0.02299776931913,0.8294245698850661,0.837805827713074,0.008381257828007915
large_search,0,0.1,9.795814597937795,9.60261621589763,-0.19319838204016548,13.244520450773123,12.750494146579854,-0.49402630419326954,0.768693438378967,0.785627284746947,0.01693384636798001,0.8676260090981126,0.8777253223488497,0.010099313250737096
large_search,0,0.2,7.902898399643223,,,10.971542583456078,,,0.8412729800955722,,,0.9027970068883124,,
large_search,0,0.5,5.868105352863369,,,8.377851642992928,,,0.9074490656919512,,,0.9427499368790724,,
large_search,1,0.01,17.172640177065677,17.162351007154495,-0.010289169911182228,21.92174929983237,21.7376592569942,-0.18409004283817154,0.39347061356082,0.403614621505727,0.010144007944906996,0.7292631383111146,0.70726926703026,-0.021993871280854504
large_search,1,0.05,12.342318603289549,12.089808466428456,-0.25251013686109225,16.55774246979803,15.923689551294329,-0.6340529185037003,0.6539780248553229,0.6799713660559175,0.0259933412005946,0.8122593355865017,0.8263229846071528,0.014063649020651159
large_search,1,0.1,10.513744277920988,10.199134734101367,-0.31460954381962125,14.883098144184174,14.092705409607351,-0.7903927345768231,0.7204315715997038,0.7493370300527591,0.028905458453055255,0.8443472858710793,0.8611978851882122,0.01685059931713284
large_search,1,0.2,8.278635127001932,,,12.4617201901607,,,0.8039993891283472,,,0.8886089032812491,,
large_search,1,0.5,6.118204065584861,,,8.880818737719686,,,0.9004577516913692,,,0.9416886969545512,,
large_search,2,0.01,16.550916179022707,14.753745584073997,-1.7971705949487102,20.68056536152383,18.741875342173103,-1.9386900193507266,0.4199452432971553,0.5236016288579379,0.1036563855607826,0.7029881709700735,0.7396449202149571,0.0366567492448836
large_search,2,0.05,10.244078447893262,10.11159062763883,-0.13248782025443262,14.331114808580864,14.094730661786649,-0.23638414679421516,0.7214493806264612,0.7305626858484808,0.009113305222019585,0.8584009908781126,0.8650889231799362,0.006687932301823629
large_search,2,0.1,8.903939611971039,9.214045172399755,0.31010556042871684,12.428742500120634,12.81291329778299,0.38417079766235496,0.7904929900270639,0.7773411545421726,-0.013151835484891294,0.8982995657675791,0.8884388033949842,-0.009860762372594922
large_search,2,0.2,7.388461782068456,,,10.565779896696446,,,0.8485925320082873,,,0.927407194259926,,
large_search,2,0.5,5.227920574452163,,,7.69374918265114,,,0.9197176223094728,,,0.9591121099132092,,
large_search,3,0.01,18.968947937508123,16.692331140004097,-2.276616797504026,23.77310236097764,20.87624598953727,-2.896856371440368,0.2799442945581152,0.4447364230162006,0.16479212845808539,0.5503922950425927,0.6868538191079121,0.13646152406531942
large_search,3,0.05,11.153958847441457,11.262415671645842,0.10845682420438507,14.838119806132346,14.358801310877706,-0.4793184952546401,0.7194875625217979,0.7373177380674978,0.017830175545699878,0.8541249468079303,0.8619920447585337,0.007867097950603474
large_search,3,0.1,9.683216991282322,9.819249400521318,0.13603240923899662,13.692595252617505,13.29747921503562,-0.39511603758188407,0.7611276309090029,0.7747146165341813,0.01358698562517835,0.8720289501444871,0.8839502331847064,0.011921283040219333
large_search,3,0.2,8.019202007213325,,,11.661122593265356,,,0.8267492603183624,,,0.9011612431597418,,
large_search,3,0.5,5.576583093195739,,,8.33527426091497,,,0.9114814759756356,,,0.94952323233365,,
large_search,4,0.01,19.02167244643575,18.261068842612737,-0.7606036038230144,23.814272922587943,22.584969943983676,-1.2293029786042666,0.2745569008202,0.3475192029511489,0.0729623021309489,0.5892817566052866,0.6478487319542502,0.0585669753489636
large_search,4,0.05,11.99052657693474,11.7878275983743,-0.2026989785604414,15.709478216159292,15.409645116606995,-0.29983309955229664,0.6843162539541341,0.6962516168666194,0.011935362912485314,0.8407224708452423,0.8547354814880707,0.014013010642828339
large_search,4,0.1,10.24306725368054,10.182330601385445,-0.06073665229509473,13.890296800685636,13.765772973363338,-0.12452382732229772,0.7531962512627106,0.7576015120517748,0.004405260789064225,0.8677111355033881,0.8694830287443804,0.0017718932409923616
large_search,4,0.2,8.18071184447468,,,11.52915815305667,,,0.8299706501473912,,,0.9145637881909396,,
large_search,4,0.5,5.677790705318224,,,8.4713413617939,,,0.9082020324867496,,,0.951179887615473,,
ensemble_filter,0,0.01,16.58285757960093,14.706822547769606,-1.8760350318313233,20.647761063347748,18.481249756513833,-2.1665113068339146,0.4378381003093285,0.5496209830535117,0.11178288274418319,0.6653742905569467,0.7403753965570251,0.07500110600007837
ensemble_filter,0,0.05,11.242544205819415,10.72784050579926,-0.5147037000201546,15.410136141627056,14.838477348096031,-0.5716587935310251,0.6868672966357116,0.7096685036375839,0.02280120700187238,0.8294245698850661,0.8356384243115107,0.0062138544264446205
ensemble_filter,0,0.1,9.795814597937795,9.518728364586002,-0.2770862333517936,13.244520450773123,13.00880112014476,-0.23571933062836337,0.768693438378967,0.7768535280957338,0.00816008971676685,0.8676260090981126,0.8709302145691392,0.003304205471026611
ensemble_filter,0,0.2,7.902898399643223,,,10.971542583456078,,,0.8412729800955722,,,0.9027970068883124,,
ensemble_filter,0,0.5,5.868105352863369,,,8.377851642992928,,,0.9074490656919512,,,0.9427499368790724,,
ensemble_filter,1,0.01,17.172640177065677,17.08285425237935,-0.0897859246863284,21.92174929983237,21.536610534717095,-0.38513876511527556,0.39347061356082,0.4145953840330507,0.02112477047223066,0.7292631383111146,0.7163271011879756,-0.012936037123138955
ensemble_filter,1,0.05,12.342318603289549,12.196955472997042,-0.14536313029250714,16.55774246979803,16.324063669765472,-0.23367880003255692,0.6539780248553229,0.6636758960619913,0.00969787120666843,0.8122593355865017,0.8175682908647287,0.005308955278227057
ensemble_filter,1,0.1,10.513744277920988,10.258212826153772,-0.2555314517672169,14.883098144184174,14.493813622680264,-0.38928452150391024,0.7204315715997038,0.7348651730307485,0.014433601431044663,0.8443472858710793,0.8543062150101354,0.00995892913905605
ensemble_filter,1,0.2,8.278635127001932,,,12.4617201901607,,,0.8039993891283472,,,0.8886089032812491,,
ensemble_filter,1,0.5,6.118204065584861,,,8.880818737719686,,,0.9004577516913692,,,0.9416886969545512,,
ensemble_filter,2,0.01,16.550916179022707,14.443560813897186,-2.107355365125521,20.68056536152383,18.757583425760092,-1.9229819357637368,0.4199452432971553,0.522802728931388,0.10285748563423269,0.7029881709700735,0.774270261963107,0.07128209099303351
ensemble_filter,2,0.05,10.244078447893262,10.31163686236197,0.06755841446870825,14.331114808580864,14.330402007401196,-0.0007128011796684319,0.7214493806264612,0.7214770890462133,2.7708419752081603e-05,0.8584009908781126,0.8549836806928549,-0.003417310185257705
ensemble_filter,2,0.1,8.903939611971039,9.193459525997516,0.2895199140264779,12.428742500120634,12.682545563246313,0.25380306312567846,0.7904929900270639,0.7818490841869751,-0.008643905840088784,0.8982995657675791,0.8961661143969728,-0.0021334513706062763
ensemble_filter,2,0.2,7.388461782068456,,,10.565779896696446,,,0.8485925320082873,,,0.927407194259926,,
ensemble_filter,2,0.5,5.227920574452163,,,7.69374918265114,,,0.9197176223094728,,,0.9591121099132092,,
ensemble_filter,3,0.01,18.968947937508123,17.930924235135883,-1.0380237023722394,23.77310236097764,22.759506836570832,-1.0135955244068064,0.2799442945581152,0.3400362677267726,0.06009197316865739,0.5503922950425927,0.6268903751183578,0.07649808007576508
ensemble_filter,3,0.05,11.153958847441457,10.87050936149452,-0.283449485946937,14.838119806132346,14.120560911816664,-0.7175588943156814,0.7194875625217979,0.7459622413281606,0.026474678806362673,0.8541249468079303,0.869704832837644,0.015579886029713719
ensemble_filter,3,0.1,9.683216991282322,9.595803340987274,-0.08741365029504777,13.692595252617505,13.577710997760612,-0.11488425485689291,0.7611276309090029,0.7651192114996789,0.003991580590675947,0.8720289501444871,0.8732538632571488,0.0012249131126617074
ensemble_filter,3,0.2,8.019202007213325,,,11.661122593265356,,,0.8267492603183624,,,0.9011612431597418,,
ensemble_filter,3,0.5,5.576583093195739,,,8.33527426091497,,,0.9114814759756356,,,0.94952323233365,,
ensemble_filter,4,0.01,19.02167244643575,18.62941183921364,-0.39226060722211287,23.814272922587943,23.11857928980139,-0.6956936327865542,0.2745569008202,0.3163229771029832,0.04176607628278317,0.5892817566052866,0.6129558272106997,0.023674070605413156
ensemble_filter,4,0.05,11.99052657693474,11.704675168931631,-0.2858514080031096,15.709478216159292,15.613820750206164,-0.09565746595312774,0.6843162539541341,0.6881490443379681,0.003832790383833995,0.8407224708452423,0.8486887436201836,0.00796627277494133
ensemble_filter,4,0.1,10.24306725368054,10.045316425790691,-0.19775082788984832,13.890296800685636,13.587344306605418,-0.30295249408021796,0.7531962512627106,0.7638446101445355,0.010648358881824915,0.8677111355033881,0.8773785726583551,0.009667437154966985
ensemble_filter,4,0.2,8.18071184447468,,,11.52915815305667,,,0.8299706501473912,,,0.9145637881909396,,
ensemble_filter,4,0.5,5.677790705318224,,,8.4713413617939,,,0.9082020324867496,,,0.951179887615473,,
